0,1,2,3,4,5,6,7,8,-1,					// 0:OK【4.4.0】通常にゃんこガチャ(ユニット)ALLセット（2.0より実装）
0,1,2,3,4,5,6,7,8,-1,					// 1:OK【4.4.0】『アイテム入り』にゃんこガチャ(ユニット)
-1,							// 2:OK【4.4.0】『アイテムのみ』にゃんこガチャ(ユニット)
-1,							// 3:OK【5.1.0】『マタタビ入り』にゃんこガチャ
-1,							// 4:NG【5.1.0】『ネコビタン入り』にゃんこガチャ
-1,							// 5:OK【5.1.0】『キャッツアイ入り』にゃんこガチャ
313,312,311,247,246,245,211,210,209,-1,			// 6:OK【7.1.0】にゃんこ福引2018年6月
-1,							// 7:OK【7.1.0】にゃんこ福引Ｇ2018年6月
313,312,311,247,246,245,211,210,209,-1,			// 8:OK【7.3.0】にゃんこ福引※2018年サマーレッスン用
-1,							// 9:OK【7.2.0】にゃんこ福引Ｇ2018年7月
313,312,311,247,246,245,211,210,209,-1,			//10:OK【7.2.0】にゃんこ福引2018年受験
-1,							//11:OK【7.3.0】にゃんこ福引Ｇ2018年8月
-1,							//12:OK【7.3.0】にゃんこ福引Ｇ2018年9月
-1,							//13:OK【7.4.0】にゃんこ福引Ｇ2018年10月
-1,							//14:OK【7.4.0】にゃんこ福引Ｇ2018年11月
313,312,311,247,246,245,211,210,209,-1,			//15:OK【7.4.0】にゃんこ福引※2018年銀週間
-1,							//16:OK【7.5.0】にゃんこ福引Ｇ2018年12月
313,312,311,247,246,245,211,210,209,-1,			//17:OK【7.5.0】にゃんこ福引※2018年文化祭
-1,							//18:OK【8.0.0】にゃんこ福引Ｇ2019年1月
-1,							//19:OK【8.1.0】にゃんこ福引Ｇ2019年2月
313,312,311,247,246,245,211,210,209,-1,			//20:OK【8.1.0】にゃんこ福引※2019年雪まつり
-1,							//21:OK【8.2.0】にゃんこ福引Ｇ2019年3月
313,312,311,247,246,245,211,210,209,-1,			//22:OK【8.2.0】にゃんこ福引※2019年受験大戦争
-1,							//23:OK【8.3.0】にゃんこ福引Ｇ2019年4月
-1,							//24:OK【8.4.0】にゃんこ福引Ｇ2019年5月
313,312,311,247,246,245,211,210,209,-1,			//25:OK【8.5.0】にゃんこ福引※2019年黄金週間
313,312,311,247,246,245,211,210,209,-1,			//26:OK【8.5.0】にゃんこ福引※2019年梅雨
-1,							//27:OK【8.5.0】にゃんこ福引Ｇ2019年6月
-1,							//28:OK【8.6.0】にゃんこ福引Ｇ2019年7月
-1,							//29:OK【8.6.0】にゃんこ福引Ｇ2019年8月
313,312,311,247,246,245,211,210,209,-1,			//30:OK【8.7.0】にゃんこ福引※2019年サマーレッスン
313,312,311,247,246,245,211,210,209,-1,			//31:OK【8.8.0】にゃんこ福引※2019年銀週間
-1,							//32:OK【8.8.0】にゃんこ福引Ｇ2019年9月
-1,							//33:OK【8.8.0】にゃんこ福引Ｇ2019年10月
-1,							//34:OK【8.10.0】にゃんこ福引Ｇ2019年11月
-1,							//35:OK【8.10.0】にゃんこ福引Ｇ2019年12月
313,312,311,247,246,245,211,210,209,-1,			//36:OK【8.10.0】にゃんこ福引※2019年文化祭
-1,							//37:OK【9.1.0】にゃんこ福引Ｇ2020年1月
-1,							//38:OK【9.1.0】にゃんこ福引Ｇ2020年2月
313,312,311,247,246,245,211,210,209,-1,			//39:OK【9.1.0】にゃんこ福引※2020年雪まつり
313,312,311,247,246,245,211,210,209,-1,			//40:OK【9.2.0】にゃんこ福引※2020年受験大戦争
-1,							//41:OK【9.3.0】にゃんこ福引Ｇ2020年3月
-1,							//42:OK【9.3.0】にゃんこ福引Ｇ2020年4月
-1,	//43セット(ユニット)
-1,	//44セット(ユニット)
-1,	//45セット(ユニット)
-1,	//46セット(ユニット)
-1,	//47セット(ユニット)
-1,	//48セット(ユニット)
-1,	//49セット(ユニット)
-1,	//50セット(ユニット)
-1,	//51セット(ユニット)
-1,	//52セット(ユニット)
-1,	//53セット(ユニット)
-1,	//54セット(ユニット)
-1,	//55セット(ユニット)
-1,	//56セット(ユニット)
-1,	//57セット(ユニット)
-1,	//58セット(ユニット)
-1,	//59セット(ユニット)
-1,	//60セット(ユニット)
-1,	//61セット(ユニット)
-1,	//62セット(ユニット)
-1,	//63セット(ユニット)
-1,	//64セット(ユニット)
-1,	//65セット(ユニット)
-1,	//66セット(ユニット)
-1,	//67セット(ユニット)
-1,	//68セット(ユニット)
-1,	//69セット(ユニット)
-1,	//70セット(ユニット)
-1,	//71セット(ユニット)
-1,	//72セット(ユニット)
-1,	//73セット(ユニット)
-1,	//74セット(ユニット)
-1,	//75セット(ユニット)
-1,	//76セット(ユニット)
-1,	//77セット(ユニット)
-1,	//78セット(ユニット)
-1,	//79セット(ユニット)
-1,	//80セット(ユニット)
-1,	//81セット(ユニット)
-1,	//82セット(ユニット)
-1,	//83セット(ユニット)
-1,	//84セット(ユニット)
-1,	//85セット(ユニット)
-1,	//86セット(ユニット)
-1,	//87セット(ユニット)
-1,	//88セット(ユニット)
-1,	//89セット(ユニット)
-1,	//90セット(ユニット)
-1,	//91セット(ユニット)
-1,	//92セット(ユニット)
-1,	//93セット(ユニット)
-1,	//94セット(ユニット)
-1,	//95セット(ユニット)
-1,	//96セット(ユニット)
-1,	//97セット(ユニット)
-1,	//98セット(ユニット)
-1,	//99セット(ユニット)
-1,	//100セット(ユニット)

(ユニット)
//注意!!ユニットの番号ではなく画像番号なので注意!!NO.がひとつ少ない。
//ノーマルガチャチケットで回せる
//-1の後は自動的に-1がすべて入る。(-1は存在しないと意味です。)
//0:ネコ
//1:タンクネコ～